contributor,bothunter
zzak,Human
GulajavaMinistudio,Human
yklcs,Human
melroy89,Human
pulkit-30,Human
BridgeAR,Human
fhinkel,Human
eugeneo,Human
indutny,Human
github-actions[bot],Bot
kapouer,Human
wraithgar,Human
davidben,Human
yorkie,Human
ujh,Human
trivikr,Human
bmeck,Human
kuriyosh,Human
ExE-Boss,Human
hadeelshahin,Human
bengl,Human
RafaelGSS,Human
ShogunPanda,Human
shipujin,Human
nodejs-github-bot,Bot
H4ad,Human
fossamagna,Human
oleavr,Human
arcanis,Human
marco-ippolito,Human
jasongin,Human
StefanStojanovic,Human
debadree25,Human
mhdawson,Human
panva,Human
sapics,Human
mafintosh,Human
codecov-commenter,Bot
malthe,Human
AndreasMadsen,Human