account,prediction
CHIZI-0618,Bot
CoolPlayLin,Bot
MaanuelMM,Bot
Nifury,Bot
SpecterShell,Bot
TejasMate,Bot
ateoi,Bot
auanasgheps,Bot
azure-pipelines[bot],Bot
cafkbot-winget,Bot
coolplaylinbot,Bot
itsAdee,Bot
kevinboss,Bot
lszomoru,Bot
lutzroeder,Bot
marcauberer,Bot
nvim-winget,Bot
pulumi-bot,Bot
robot-github-winget-datadog-agent,Bot
stacklokbot,Bot
twpayne,Bot
youtube-music-winget,Bot
zkochan,Bot
FaserF,Human
ItzLevvie,Human
aaronliu0130,Human
exoosh,Human
stephengillie,Human